0.000000,-0.350000,0.470000,-0.060000,-0.380000,0.450000,0.058926,25.946643,-103.786574,98.557267,-12.141711,-18.862119,-11.765819,-25.758283,-67.173978,18.212507,0.000000,0.000000,0.000000,0.000000,0.000000,0.000000,0.000000,0.000000,0.000000,0.000000,0.000000,0.000000,0.000000,0.000000,0.000000,0.000000,0.000000,0.000000,0.000000,0.000000,0.000000,0.000000,0.000000,0.000000,0.000000,1.250664
0.000000,-0.380000,0.480000,-0.060000,-0.410000,0.460000,0.064294,25.787315,-103.149260,99.394032,-15.139944,-21.689513,-12.677230,-30.833793,-64.853544,25.808868,0.000000,0.000000,0.000000,0.000000,0.000000,0.000000,0.000000,0.000000,0.000000,0.000000,0.000000,0.000000,0.000000,0.000000,0.000000,0.000000,0.000000,0.000000,0.000000,0.000000,0.000000,0.000000,0.000000,0.000000,0.000000,5.216673
0.030000,-0.400000,0.490000,-0.030000,-0.430000,0.470000,0.070443,25.946126,-103.784506,97.518225,-18.972144,-21.509073,-11.803520,-32.556057,-61.077781,27.554687,0.000000,0.000000,0.000000,0.000000,0.000000,0.000000,0.000000,0.000000,0.000000,0.000000,0.000000,0.000000,0.000000,0.000000,0.000000,0.000000,0.000000,0.000000,0.000000,0.000000,0.000000,0.000000,0.000000,0.000000,0.000000,11.077356
0.080000,-0.190000,0.500000,0.020000,-0.220000,0.480000,0.075459,25.950265,-103.801059,83.099457,-1.277900,2.676962,-12.533119,-3.913174,-56.776573,-24.736240,0.000000,0.000000,0.000000,0.000000,0.000000,0.000000,0.000000,0.000000,0.000000,0.000000,0.000000,0.000000,0.000000,0.000000,0.000000,0.000000,0.000000,0.000000,0.000000,0.000000,0.000000,0.000000,0.000000,0.000000,0.000000,16.597607
0.090000,-0.360000,0.510000,0.030000,-0.390000,0.490000,0.079534,25.794589,-103.178356,88.900862,-18.605518,-9.843333,-13.076992,-27.831625,-55.875754,12.399611,0.000000,0.000000,0.000000,0.000000,0.000000,0.000000,0.000000,0.000000,0.000000,0.000000,0.000000,0.000000,0.000000,0.000000,0.000000,0.000000,0.000000,0.000000,0.000000,0.000000,0.000000,0.000000,0.000000,0.000000,0.000000,20.691992
0.080000,-0.130000,0.520000,0.020000,-0.160000,0.500000,0.081308,25.783836,-103.135342,79.448716,4.396372,6.778999,-13.651102,2.068855,-52.296882,-35.410138,0.000000,0.000000,0.000000,0.000000,0.000000,0.000000,0.000000,0.000000,0.000000,0.000000,0.000000,0.000000,0.000000,0.000000,0.000000,0.000000,0.000000,0.000000,0.000000,0.000000,0.000000,0.000000,0.000000,0.000000,0.000000,23.186012
0.080000,-0.120000,0.530000,0.020000,-0.150000,0.510000,0.082353,25.530075,-102.120300,77.715375,5.342392,7.205309,-13.944139,2.944257,-51.138191,-36.604299,0.000000,0.000000,0.000000,0.000000,0.000000,0.000000,0.000000,0.000000,0.000000,0.000000,0.000000,0.000000,0.000000,0.000000,0.000000,0.000000,0.000000,0.000000,0.000000,0.000000,0.000000,0.000000,0.000000,0.000000,0.000000,25.682640
0.090000,-0.410000,0.540000,0.030000,-0.440000,0.520000,0.082550,25.161350,-100.645399,87.696874,-24.013754,-14.346092,-13.756769,-32.307050,-52.178000,21.800757,0.000000,0.000000,0.000000,0.000000,0.000000,0.000000,0.000000,0.000000,0.000000,0.000000,0.000000,0.000000,0.000000,0.000000,0.000000,0.000000,0.000000,0.000000,0.000000,0.000000,0.000000,0.000000,0.000000,0.000000,0.000000,27.861440
0.090000,-0.410000,0.550000,0.030000,-0.440000,0.530000,0.083079,24.793979,-99.175914,85.878228,-24.126345,-14.182905,-14.170830,-31.892978,-51.522440,21.595618,0.000000,0.000000,0.000000,0.000000,0.000000,0.000000,0.000000,0.000000,0.000000,0.000000,0.000000,0.000000,0.000000,0.000000,0.000000,0.000000,0.000000,0.000000,0.000000,0.000000,0.000000,0.000000,0.000000,0.000000,0.000000,30.086989
0.090000,-0.420000,0.560000,0.030000,-0.450000,0.540000,0.083511,24.549660,-98.198640,84.968761,-25.267578,-15.272021,-14.307997,-32.345326,-50.484025,23.381294,0.000000,0.000000,0.000000,0.000000,0.000000,0.000000,0.000000,0.000000,0.000000,0.000000,0.000000,0.000000,0.000000,0.000000,0.000000,0.000000,0.000000,0.000000,0.000000,0.000000,0.000000,0.000000,0.000000,0.000000,0.000000,32.202384
0.070000,-0.010000,0.570000,0.010000,-0.040000,0.550000,0.086383,25.957187,-103.828749,73.211414,17.243499,8.523923,-13.915329,13.710541,-41.935894,-51.538216,0.000000,0.000000,0.000000,0.000000,0.000000,0.000000,0.000000,0.000000,0.000000,0.000000,0.000000,0.000000,0.000000,0.000000,0.000000,0.000000,0.000000,0.000000,0.000000,0.000000,0.000000,0.000000,0.000000,0.000000,0.000000,34.677938
0.070000,0.000000,0.580000,0.010000,-0.030000,0.560000,0.086296,25.848479,-103.393916,71.910507,18.339865,8.274965,-14.162425,14.459030,-40.501942,-52.239891,0.000000,0.000000,0.000000,0.000000,0.000000,0.000000,0.000000,0.000000,0.000000,0.000000,0.000000,0.000000,0.000000,0.000000,0.000000,0.000000,0.000000,0.000000,0.000000,0.000000,0.000000,0.000000,0.000000,0.000000,0.000000,36.615055
0.080000,0.010000,0.590000,0.020000,-0.020000,0.570000,0.087608,25.961179,-103.844714,70.187802,18.980504,7.589381,-14.003744,14.388574,-38.473851,-52.128732,0.000000,0.000000,0.000000,0.000000,0.000000,0.000000,0.000000,0.000000,0.000000,0.000000,0.000000,0.000000,0.000000,0.000000,0.000000,0.000000,0.000000,0.000000,0.000000,0.000000,0.000000,0.000000,0.000000,0.000000,0.000000,39.137240
0.090000,0.010000,0.600000,0.030000,-0.020000,0.580000,0.089088,25.844640,-103.378562,68.784138,18.784576,4.722476,-15.166840,15.708874,-36.800223,-50.214488,0.000000,0.000000,0.000000,0.000000,0.000000,0.000000,0.000000,0.000000,0.000000,0.000000,0.000000,0.000000,0.000000,0.000000,0.000000,0.000000,0.000000,0.000000,0.000000,0.000000,0.000000,0.000000,0.000000,0.000000,0.000000,41.224064
0.090000,0.020000,0.610000,0.030000,-0.010000,0.590000,0.088312,25.773165,-103.092661,67.423810,19.839063,5.032848,-15.128089,15.868266,-35.476192,-51.084894,0.000000,0.000000,0.000000,0.000000,0.000000,0.000000,0.000000,0.000000,0.000000,0.000000,0.000000,0.000000,0.000000,0.000000,0.000000,0.000000,0.000000,0.000000,0.000000,0.000000,0.000000,0.000000,0.000000,0.000000,0.000000,43.520991
0.100000,0.020000,0.620000,0.040000,-0.010000,0.600000,0.089081,25.649044,-102.596176,65.510704,19.436138,4.120460,-15.287959,15.496360,-34.206997,-49.791684,0.000000,0.000000,0.000000,0.000000,0.000000,0.000000,0.000000,0.000000,0.000000,0.000000,0.000000,0.000000,0.000000,0.000000,0.000000,0.000000,0.000000,0.000000,0.000000,0.000000,0.000000,0.000000,0.000000,0.000000,0.000000,45.314231
0.100000,0.030000,0.630000,0.040000,0.000000,0.610000,0.088150,25.615940,-102.463759,64.377270,20.734667,2.504743,-15.520037,17.386557,-32.761734,-50.350137,0.000000,0.000000,0.000000,0.000000,0.000000,0.000000,0.000000,0.000000,0.000000,0.000000,0.000000,0.000000,0.000000,0.000000,0.000000,0.000000,0.000000,0.000000,0.000000,0.000000,0.000000,0.000000,0.000000,0.000000,0.000000,47.216615
0.100000,0.030000,0.640000,0.040000,0.000000,0.620000,0.086854,25.248486,-100.993945,62.713461,20.790086,2.363469,-15.823617,17.384016,-32.292198,-49.827769,0.000000,0.000000,0.000000,0.000000,0.000000,0.000000,0.000000,0.000000,0.000000,0.000000,0.000000,0.000000,0.000000,0.000000,0.000000,0.000000,0.000000,0.000000,0.000000,0.000000,0.000000,0.000000,0.000000,0.000000,0.000000,48.705001
0.110000,0.050000,0.650000,0.050000,0.020000,0.630000,0.087191,25.850304,-103.401218,61.449230,22.542101,1.033951,-14.793020,18.242287,-29.497591,-51.310290,0.000000,0.000000,0.000000,0.000000,0.000000,0.000000,0.000000,0.000000,0.000000,0.000000,0.000000,0.000000,0.000000,0.000000,0.000000,0.000000,0.000000,0.000000,0.000000,0.000000,0.000000,0.000000,0.000000,0.000000,0.000000,49.721256
0.110000,0.050000,0.660000,0.050000,0.020000,0.640000,0.085715,25.495944,-101.983776,59.805270,22.610101,0.917145,-15.090002,18.242880,-28.990194,-50.853045,0.000000,0.000000,0.000000,0.000000,0.000000,0.000000,0.000000,0.000000,0.000000,0.000000,0.000000,0.000000,0.000000,0.000000,0.000000,0.000000,0.000000,0.000000,0.000000,0.000000,0.000000,0.000000,0.000000,0.000000,0.000000,50.550031
0.100000,0.050000,0.670000,0.040000,0.020000,0.650000,0.082178,24.816265,-99.265059,58.039649,22.731036,4.887314,-15.090169,15.540439,-29.503180,-51.674153,0.000000,0.000000,0.000000,0.000000,0.000000,0.000000,0.000000,0.000000,0.000000,0.000000,0.000000,0.000000,0.000000,0.000000,0.000000,0.000000,0.000000,0.000000,0.000000,0.000000,0.000000,0.000000,0.000000,0.000000,0.000000,51.181569
0.110000,-0.450000,0.680000,0.050000,-0.480000,0.660000,0.082487,21.080246,-84.320984,66.523980,-30.972874,-15.009750,-17.446775,-31.264931,-40.740834,26.199376,0.000000,0.000000,0.000000,0.000000,0.000000,0.000000,0.000000,0.000000,0.000000,0.000000,0.000000,0.000000,0.000000,0.000000,0.000000,0.000000,0.000000,0.000000,0.000000,0.000000,0.000000,0.000000,0.000000,0.000000,0.000000,52.453162
0.110000,-0.440000,0.690000,0.050000,-0.470000,0.670000,0.081629,20.524335,-82.097341,63.935222,-29.844963,-14.737117,-18.198324,-29.859147,-40.640354,24.999320,0.000000,0.000000,0.000000,0.000000,0.000000,0.000000,0.000000,0.000000,0.000000,0.000000,0.000000,0.000000,0.000000,0.000000,0.000000,0.000000,0.000000,0.000000,0.000000,0.000000,0.000000,0.000000,0.000000,0.000000,0.000000,71.906907
0.500000,-0.330000,0.700000,0.440000,-0.360000,0.680000,0.082292,-20.966722,83.866889,-89.162840,-7.957931,20.087870,-66.178057,-9.977065,-21.218662,5.099309,0.000000,0.000000,0.000000,0.000000,0.000000,0.000000,0.000000,0.000000,0.000000,0.000000,0.000000,0.000000,0.000000,0.000000,0.000000,0.000000,0.000000,0.000000,0.000000,0.000000,0.000000,0.000000,0.000000,0.000000,0.000000,89.925198
0.520000,-0.350000,0.710000,0.460000,-0.380000,0.690000,0.083214,-20.945606,83.782425,-93.539962,-8.527136,18.629120,-63.405992,-11.796882,-19.533225,7.693422,0.000000,0.000000,0.000000,0.000000,0.000000,0.000000,0.000000,0.000000,0.000000,0.000000,0.000000,0.000000,0.000000,0.000000,0.000000,0.000000,0.000000,0.000000,0.000000,0.000000,0.000000,0.000000,0.000000,0.000000,0.000000,107.454337
0.530000,-0.360000,0.720000,0.470000,-0.390000,0.700000,0.083776,-20.794209,83.176835,-95.131775,-9.066816,17.888860,-62.373735,-12.844892,-18.330937,8.960792,0.000000,0.000000,0.000000,0.000000,0.000000,0.000000,0.000000,0.000000,0.000000,0.000000,0.000000,0.000000,0.000000,0.000000,0.000000,0.000000,0.000000,0.000000,0.000000,0.000000,0.000000,0.000000,0.000000,0.000000,0.000000,122.957083
0.530000,-0.350000,0.730000,0.470000,-0.380000,0.710000,0.084268,-20.375547,81.502187,-92.667119,-8.789858,18.413731,-63.749278,-12.341693,-17.845611,7.486404,0.000000,0.000000,0.000000,0.000000,0.000000,0.000000,0.000000,0.000000,0.000000,0.000000,0.000000,0.000000,0.000000,0.000000,0.000000,0.000000,0.000000,0.000000,0.000000,0.000000,0.000000,0.000000,0.000000,0.000000,0.000000,138.265809
0.540000,-0.360000,0.740000,0.480000,-0.390000,0.720000,0.084817,-20.234066,80.936264,-94.352154,-9.264073,17.567689,-62.588535,-13.273709,-16.665154,8.834657,0.000000,0.000000,0.000000,0.000000,0.000000,0.000000,0.000000,0.000000,0.000000,0.000000,0.000000,0.000000,0.000000,0.000000,0.000000,0.000000,0.000000,0.000000,0.000000,0.000000,0.000000,0.000000,0.000000,0.000000,0.000000,154.502463
0.550000,-0.350000,0.750000,0.490000,-0.380000,0.730000,0.085325,-19.926131,79.704526,-94.272122,-7.946839,17.933891,-62.050813,-12.329680,-15.871855,7.706645,0.000000,0.000000,0.000000,0.000000,0.000000,0.000000,0.000000,0.000000,0.000000,0.000000,0.000000,0.000000,0.000000,0.000000,0.000000,0.000000,0.000000,0.000000,0.000000,0.000000,0.000000,0.000000,0.000000,0.000000,0.000000,170.667791
0.550000,-0.350000,0.760000,0.490000,-0.380000,0.740000,0.085783,-19.601576,78.406303,-92.868980,-8.557117,17.874312,-63.026206,-12.798442,-15.181756,7.459467,0.000000,0.000000,0.000000,0.000000,0.000000,0.000000,0.000000,0.000000,0.000000,0.000000,0.000000,0.000000,0.000000,0.000000,0.000000,0.000000,0.000000,0.000000,0.000000,0.000000,0.000000,0.000000,0.000000,0.000000,0.000000,185.677108
0.560000,-0.350000,0.770000,0.500000,-0.380000,0.750000,0.086271,-19.398825,77.595301,-93.856981,-8.128907,17.668731,-62.080949,-12.806092,-14.172355,7.595401,0.000000,0.000000,0.000000,0.000000,0.000000,0.000000,0.000000,0.000000,0.000000,0.000000,0.000000,0.000000,0.000000,0.000000,0.000000,0.000000,0.000000,0.000000,0.000000,0.000000,0.000000,0.000000,0.000000,0.000000,0.000000,197.473256
0.560000,-0.350000,0.780000,0.500000,-0.380000,0.760000,0.086723,-19.076637,76.306549,-92.530268,-8.722578,17.591998,-62.982944,-13.303838,-13.429710,7.434284,0.000000,0.000000,0.000000,0.000000,0.000000,0.000000,0.000000,0.000000,0.000000,0.000000,0.000000,0.000000,0.000000,0.000000,0.000000,0.000000,0.000000,0.000000,0.000000,0.000000,0.000000,0.000000,0.000000,0.000000,0.000000,207.732169
0.570000,-0.340000,0.790000,0.510000,-0.370000,0.770000,0.087161,-18.794961,75.179844,-92.749922,-7.337572,17.911147,-62.236286,-12.382948,-12.628330,6.400894,0.000000,0.000000,0.000000,0.000000,0.000000,0.000000,0.000000,0.000000,0.000000,0.000000,0.000000,0.000000,0.000000,0.000000,0.000000,0.000000,0.000000,0.000000,0.000000,0.000000,0.000000,0.000000,0.000000,0.000000,0.000000,216.661237
0.570000,-0.340000,0.800000,0.510000,-0.370000,0.780000,0.087585,-18.470215,73.880862,-91.482217,-7.865823,17.728447,-63.033402,-12.788557,-11.913023,6.294078,0.000000,0.000000,0.000000,0.000000,0.000000,0.000000,0.000000,0.000000,0.000000,0.000000,0.000000,0.000000,0.000000,0.000000,0.000000,0.000000,0.000000,0.000000,0.000000,0.000000,0.000000,0.000000,0.000000,0.000000,0.000000,224.863726
0.580000,-0.340000,0.810000,0.520000,-0.370000,0.790000,0.087998,-18.297909,73.191638,-92.726547,-7.389248,17.486251,-61.933179,-12.742442,-10.934505,6.453661,0.000000,0.000000,0.000000,0.000000,0.000000,0.000000,0.000000,0.000000,0.000000,0.000000,0.000000,0.000000,0.000000,0.000000,0.000000,0.000000,0.000000,0.000000,0.000000,0.000000,0.000000,0.000000,0.000000,0.000000,0.000000,231.999672
0.580000,-0.340000,0.820000,0.520000,-0.370000,0.800000,0.088388,-17.983371,71.933485,-91.567744,-7.946827,17.390966,-62.714108,-13.209316,-10.185738,6.298449,0.000000,0.000000,0.000000,0.000000,0.000000,0.000000,0.000000,0.000000,0.000000,0.000000,0.000000,0.000000,0.000000,0.000000,0.000000,0.000000,0.000000,0.000000,0.000000,0.000000,0.000000,0.000000,0.000000,0.000000,0.000000,236.561471
0.590000,-0.340000,0.830000,0.530000,-0.370000,0.810000,0.088750,-17.828240,71.312961,-92.946334,-7.443353,17.140357,-61.526764,-13.124573,-9.220044,6.476311,0.000000,0.000000,0.000000,0.000000,0.000000,0.000000,0.000000,0.000000,0.000000,0.000000,0.000000,0.000000,0.000000,0.000000,0.000000,0.000000,0.000000,0.000000,0.000000,0.000000,0.000000,0.000000,0.000000,0.000000,0.000000,239.834564
0.590000,-0.330000,0.840000,0.530000,-0.360000,0.820000,0.089128,-17.420963,69.683853,-91.013500,-7.028364,17.547640,-62.480771,-12.769334,-8.608298,5.248291,0.000000,0.000000,0.000000,0.000000,0.000000,0.000000,0.000000,0.000000,0.000000,0.000000,0.000000,0.000000,0.000000,0.000000,0.000000,0.000000,0.000000,0.000000,0.000000,0.000000,0.000000,0.000000,0.000000,0.000000,0.000000,243.891486
0.590000,-0.340000,0.850000,0.530000,-0.370000,0.830000,0.089481,-17.205249,68.820998,-90.805320,-8.466370,16.818149,-62.880366,-13.977625,-7.674209,6.341540,0.000000,0.000000,0.000000,0.000000,0.000000,0.000000,0.000000,0.000000,0.000000,0.000000,0.000000,0.000000,0.000000,0.000000,0.000000,0.000000,0.000000,0.000000,0.000000,0.000000,0.000000,0.000000,0.000000,0.000000,0.000000,248.305194
0.600000,-0.330000,0.860000,0.540000,-0.360000,0.840000,0.089811,-16.977197,67.908788,-91.527392,-7.018278,17.157160,-61.876139,-13.117767,-6.880677,5.337715,0.000000,0.000000,0.000000,0.000000,0.000000,0.000000,0.000000,0.000000,0.000000,0.000000,0.000000,0.000000,0.000000,0.000000,0.000000,0.000000,0.000000,0.000000,0.000000,0.000000,0.000000,0.000000,0.000000,0.000000,0.000000,252.364959
0.600000,-0.330000,0.870000,0.540000,-0.360000,0.850000,0.090169,-16.667959,66.671834,-90.550642,-7.483113,16.938301,-62.452944,-13.504321,-6.082507,5.354367,0.000000,0.000000,0.000000,0.000000,0.000000,0.000000,0.000000,0.000000,0.000000,0.000000,0.000000,0.000000,0.000000,0.000000,0.000000,0.000000,0.000000,0.000000,0.000000,0.000000,0.000000,0.000000,0.000000,0.000000,0.000000,256.353423
0.600000,-0.330000,0.880000,0.540000,-0.360000,0.860000,0.090451,-16.366973,65.467892,-89.644560,-7.981404,16.806485,-63.039173,-13.947621,-5.281457,5.280344,0.000000,0.000000,0.000000,0.000000,0.000000,0.000000,0.000000,0.000000,0.000000,0.000000,0.000000,0.000000,0.000000,0.000000,0.000000,0.000000,0.000000,0.000000,0.000000,0.000000,0.000000,0.000000,0.000000,0.000000,0.000000,260.083454
0.610000,-0.320000,0.890000,0.550000,-0.350000,0.870000,0.090755,-16.157504,64.630016,-90.557858,-6.431368,17.008988,-61.848310,-13.006809,-4.510212,4.399505,0.000000,0.000000,0.000000,0.000000,0.000000,0.000000,0.000000,0.000000,0.000000,0.000000,0.000000,0.000000,0.000000,0.000000,0.000000,0.000000,0.000000,0.000000,0.000000,0.000000,0.000000,0.000000,0.000000,0.000000,0.000000,263.689364
0.610000,-0.320000,0.900000,0.550000,-0.350000,0.880000,0.091057,-15.860884,63.443535,-89.735823,-6.910186,16.874115,-62.375697,-13.448529,-3.677383,4.373192,0.000000,0.000000,0.000000,0.000000,0.000000,0.000000,0.000000,0.000000,0.000000,0.000000,0.000000,0.000000,0.000000,0.000000,0.000000,0.000000,0.000000,0.000000,0.000000,0.000000,0.000000,0.000000,0.000000,0.000000,0.000000,266.099186
0.610000,-0.320000,0.910000,0.550000,-0.350000,0.890000,0.091308,-15.567221,62.268882,-88.957180,-7.374629,16.724355,-62.869267,-13.866157,-2.860329,4.326194,0.000000,0.000000,0.000000,0.000000,0.000000,0.000000,0.000000,0.000000,0.000000,0.000000,0.000000,0.000000,0.000000,0.000000,0.000000,0.000000,0.000000,0.000000,0.000000,0.000000,0.000000,0.000000,0.000000,0.000000,0.000000,268.589643
0.620000,-0.320000,0.920000,0.560000,-0.350000,0.900000,0.091553,-15.482992,61.931970,-90.861759,-6.764676,16.426119,-61.373725,-13.645747,-1.971134,4.535522,0.000000,0.000000,0.000000,0.000000,0.000000,0.000000,0.000000,0.000000,0.000000,0.000000,0.000000,0.000000,0.000000,0.000000,0.000000,0.000000,0.000000,0.000000,0.000000,0.000000,0.000000,0.000000,0.000000,0.000000,0.000000,269.921394
0.620000,-0.310000,0.930000,0.560000,-0.340000,0.910000,0.091820,-15.096696,60.386786,-89.398584,-6.215008,16.740615,-61.974853,-13.335773,-1.254118,3.489654,0.000000,0.000000,0.000000,0.000000,0.000000,0.000000,0.000000,0.000000,0.000000,0.000000,0.000000,0.000000,0.000000,0.000000,0.000000,0.000000,0.000000,0.000000,0.000000,0.000000,0.000000,0.000000,0.000000,0.000000,0.000000,271.716435
0.620000,-0.310000,0.940000,0.560000,-0.340000,0.920000,0.092050,-14.811759,59.247035,-88.748796,-6.645958,16.577446,-62.379197,-13.725796,-0.422268,3.466916,0.000000,0.000000,0.000000,0.000000,0.000000,0.000000,0.000000,0.000000,0.000000,0.000000,0.000000,0.000000,0.000000,0.000000,0.000000,0.000000,0.000000,0.000000,0.000000,0.000000,0.000000,0.000000,0.000000,0.000000,0.000000,272.915802
0.620000,-0.310000,0.950000,0.560000,-0.340000,0.930000,0.092246,-14.529752,58.119007,-88.142149,-7.064514,16.405402,-62.748963,-14.103854,0.413623,3.450961,0.000000,0.000000,0.000000,0.000000,0.000000,0.000000,0.000000,0.000000,0.000000,0.000000,0.000000,0.000000,0.000000,0.000000,0.000000,0.000000,0.000000,0.000000,0.000000,0.000000,0.000000,0.000000,0.000000,0.000000,0.000000,274.561291
0.630000,-0.310000,0.960000,0.570000,-0.340000,0.940000,0.092439,-14.479425,57.917702,-90.272140,-6.409795,16.096166,-61.124941,-13.834547,1.275438,3.692111,0.000000,0.000000,0.000000,0.000000,0.000000,0.000000,0.000000,0.000000,0.000000,0.000000,0.000000,0.000000,0.000000,0.000000,0.000000,0.000000,0.000000,0.000000,0.000000,0.000000,0.000000,0.000000,0.000000,0.000000,0.000000,275.408365
0.630000,-0.300000,0.970000,0.570000,-0.330000,0.950000,0.092647,-14.107101,56.428403,-89.027038,-5.791354,16.363916,-61.575342,-13.507535,1.998378,2.666789,0.000000,0.000000,0.000000,0.000000,0.000000,0.000000,0.000000,0.000000,0.000000,0.000000,0.000000,0.000000,0.000000,0.000000,0.000000,0.000000,0.000000,0.000000,0.000000,0.000000,0.000000,0.000000,0.000000,0.000000,0.000000,276.814528
0.630000,-0.300000,0.980000,0.570000,-0.330000,0.960000,0.092838,-13.835335,55.341342,-88.551025,-6.178221,16.187000,-61.856082,-13.864150,2.864206,2.697796,0.000000,0.000000,0.000000,0.000000,0.000000,0.000000,0.000000,0.000000,0.000000,0.000000,0.000000,0.000000,0.000000,0.000000,0.000000,0.000000,0.000000,0.000000,0.000000,0.000000,0.000000,0.000000,0.000000,0.000000,0.000000,278.416264
0.630000,-0.300000,0.990000,0.570000,-0.330000,0.970000,0.092993,-13.567394,54.269577,-88.119404,-6.550802,16.000407,-62.106097,-14.198215,3.715319,2.709621,0.000000,0.000000,0.000000,0.000000,0.000000,0.000000,0.000000,0.000000,0.000000,0.000000,0.000000,0.000000,0.000000,0.000000,0.000000,0.000000,0.000000,0.000000,0.000000,0.000000,0.000000,0.000000,0.000000,0.000000,0.000000,279.541120
0.630000,-0.290000,1.000000,0.570000,-0.320000,0.980000,0.093133,-13.205042,52.820167,-87.056219,-5.869584,16.239173,-62.421171,-13.849671,4.459790,1.720565,0.000000,0.000000,0.000000,0.000000,0.000000,0.000000,0.000000,0.000000,0.000000,0.000000,0.000000,0.000000,0.000000,0.000000,0.000000,0.000000,0.000000,0.000000,0.000000,0.000000,0.000000,0.000000,0.000000,0.000000,0.000000,279.804655
0.630000,-0.290000,1.010000,0.570000,-0.320000,0.990000,0.093258,-12.942756,51.771023,-86.713229,-6.216312,16.039635,-62.610469,-14.166835,5.321985,1.744870,0.000000,0.000000,0.000000,0.000000,0.000000,0.000000,0.000000,0.000000,0.000000,0.000000,0.000000,0.000000,0.000000,0.000000,0.000000,0.000000,0.000000,0.000000,0.000000,0.000000,0.000000,0.000000,0.000000,0.000000,0.000000,279.650737
0.640000,-0.290000,1.020000,0.580000,-0.320000,1.000000,0.093383,-12.944462,51.777849,-89.159234,-5.499265,15.708821,-60.813782,-13.833431,6.131587,2.026880,0.000000,0.000000,0.000000,0.000000,0.000000,0.000000,0.000000,0.000000,0.000000,0.000000,0.000000,0.000000,0.000000,0.000000,0.000000,0.000000,0.000000,0.000000,0.000000,0.000000,0.000000,0.000000,0.000000,0.000000,0.000000,279.764784
0.640000,-0.290000,1.030000,0.580000,-0.320000,1.010000,0.093499,-12.693235,50.772939,-88.906133,-5.824723,15.512603,-60.945743,-14.118318,6.991129,2.064685,0.000000,0.000000,0.000000,0.000000,0.000000,0.000000,0.000000,0.000000,0.000000,0.000000,0.000000,0.000000,0.000000,0.000000,0.000000,0.000000,0.000000,0.000000,0.000000,0.000000,0.000000,0.000000,0.000000,0.000000,0.000000,279.829827
0.640000,-0.280000,1.040000,0.580000,-0.310000,1.020000,0.093608,-12.350032,49.400128,-88.061401,-5.076724,15.706297,-61.118271,-13.759512,7.748332,1.111757,0.000000,0.000000,0.000000,0.000000,0.000000,0.000000,0.000000,0.000000,0.000000,0.000000,0.000000,0.000000,0.000000,0.000000,0.000000,0.000000,0.000000,0.000000,0.000000,0.000000,0.000000,0.000000,0.000000,0.000000,0.000000,279.788291
0.640000,-0.280000,1.050000,0.580000,-0.310000,1.030000,0.093697,-12.105752,48.423006,-87.898176,-5.375886,15.498911,-61.190621,-14.025031,8.615892,1.161072,0.000000,0.000000,0.000000,0.000000,0.000000,0.000000,0.000000,0.000000,0.000000,0.000000,0.000000,0.000000,0.000000,0.000000,0.000000,0.000000,0.000000,0.000000,0.000000,0.000000,0.000000,0.000000,0.000000,0.000000,0.000000,279.503360
0.640000,-0.270000,1.060000,0.580000,-0.300000,1.040000,0.093765,-11.772932,47.091728,-87.189302,-4.581620,15.673831,-61.260821,-13.654913,9.398396,0.257884,0.000000,0.000000,0.000000,0.000000,0.000000,0.000000,0.000000,0.000000,0.000000,0.000000,0.000000,0.000000,0.000000,0.000000,0.000000,0.000000,0.000000,0.000000,0.000000,0.000000,0.000000,0.000000,0.000000,0.000000,0.000000,276.368888
0.640000,-0.270000,1.070000,0.580000,-0.300000,1.050000,0.093831,-11.536224,46.144896,-87.116307,-4.854346,15.456012,-61.274464,-13.899593,10.272611,0.318081,0.000000,0.000000,0.000000,0.000000,0.000000,0.000000,0.000000,0.000000,0.000000,0.000000,0.000000,0.000000,0.000000,0.000000,0.000000,0.000000,0.000000,0.000000,0.000000,0.000000,0.000000,0.000000,0.000000,0.000000,0.000000,273.684367
0.640000,-0.270000,1.080000,0.580000,-0.300000,1.060000,0.093876,-11.304139,45.216555,-87.088687,-5.114360,15.235837,-61.256087,-14.128192,11.147708,0.384143,0.000000,0.000000,0.000000,0.000000,0.000000,0.000000,0.000000,0.000000,0.000000,0.000000,0.000000,0.000000,0.000000,0.000000,0.000000,0.000000,0.000000,0.000000,0.000000,0.000000,0.000000,0.000000,0.000000,0.000000,0.000000,271.418140
0.640000,-0.270000,1.090000,0.580000,-0.300000,1.070000,0.093901,-11.076810,44.307241,-87.106663,-5.361606,15.013780,-61.205762,-14.340281,12.023256,0.456168,0.000000,0.000000,0.000000,0.000000,0.000000,0.000000,0.000000,0.000000,0.000000,0.000000,0.000000,0.000000,0.000000,0.000000,0.000000,0.000000,0.000000,0.000000,0.000000,0.000000,0.000000,0.000000,0.000000,0.000000,0.000000,269.060842
0.640000,-0.260000,1.100000,0.580000,-0.290000,1.080000,0.093924,-10.763462,43.053847,-86.624384,-4.487850,15.142952,-61.128356,-13.931709,12.799855,-0.439138,0.000000,0.000000,0.000000,0.000000,0.000000,0.000000,0.000000,0.000000,0.000000,0.000000,0.000000,0.000000,0.000000,0.000000,0.000000,0.000000,0.000000,0.000000,0.000000,0.000000,0.000000,0.000000,0.000000,0.000000,0.000000,266.991847
0.640000,-0.260000,1.110000,0.580000,-0.290000,1.090000,0.093929,-10.544990,42.179959,-86.733720,-4.707956,14.911279,-61.019927,-14.120318,13.678140,-0.356192,0.000000,0.000000,0.000000,0.000000,0.000000,0.000000,0.000000,0.000000,0.000000,0.000000,0.000000,0.000000,0.000000,0.000000,0.000000,0.000000,0.000000,0.000000,0.000000,0.000000,0.000000,0.000000,0.000000,0.000000,0.000000,264.600674
0.640000,-0.260000,1.120000,0.580000,-0.290000,1.100000,0.093914,-10.331728,41.326910,-86.889247,-4.915038,14.678412,-60.879582,-14.291165,14.555310,-0.267128,0.000000,0.000000,0.000000,0.000000,0.000000,0.000000,0.000000,0.000000,0.000000,0.000000,0.000000,0.000000,0.000000,0.000000,0.000000,0.000000,0.000000,0.000000,0.000000,0.000000,0.000000,0.000000,0.000000,0.000000,0.000000,262.425457
0.640000,-0.250000,1.130000,0.580000,-0.280000,1.110000,0.093895,-10.036225,40.144899,-86.588543,-3.977453,14.769631,-60.679076,-13.853792,15.331224,-1.136622,0.000000,0.000000,0.000000,0.000000,0.000000,0.000000,0.000000,0.000000,0.000000,0.000000,0.000000,0.000000,0.000000,0.000000,0.000000,0.000000,0.000000,0.000000,0.000000,0.000000,0.000000,0.000000,0.000000,0.000000,0.000000,260.700626
0.640000,-0.250000,1.140000,0.580000,-0.280000,1.120000,0.093830,-9.838254,39.353017,-86.856993,-4.198478,14.620440,-60.525806,-14.101015,16.205338,-1.134621,0.000000,0.000000,0.000000,0.000000,0.000000,0.000000,0.000000,0.000000,0.000000,0.000000,0.000000,0.000000,0.000000,0.000000,0.000000,0.000000,0.000000,0.000000,0.000000,0.000000,0.000000,0.000000,0.000000,0.000000,0.000000,258.828429
0.640000,-0.250000,1.150000,0.580000,-0.280000,1.130000,0.093769,-9.640742,38.562969,-87.152168,-4.365866,14.379918,-60.296399,-14.232259,17.079039,-1.030758,0.000000,0.000000,0.000000,0.000000,0.000000,0.000000,0.000000,0.000000,0.000000,0.000000,0.000000,0.000000,0.000000,0.000000,0.000000,0.000000,0.000000,0.000000,0.000000,0.000000,0.000000,0.000000,0.000000,0.000000,0.000000,257.190671
0.640000,-0.240000,1.160000,0.580000,-0.270000,1.140000,0.093697,-9.365956,37.463823,-87.036791,-3.369290,14.441204,-59.978831,-13.779021,17.849211,-1.886896,0.000000,0.000000,0.000000,0.000000,0.000000,0.000000,0.000000,0.000000,0.000000,0.000000,0.000000,0.000000,0.000000,0.000000,0.000000,0.000000,0.000000,0.000000,0.000000,0.000000,0.000000,0.000000,0.000000,0.000000,0.000000,255.634010
0.640000,-0.240000,1.170000,0.580000,-0.270000,1.150000,0.093608,-9.179538,36.718153,-87.425887,-3.508921,14.191016,-59.690949,-13.883807,18.717678,-1.773186,0.000000,0.000000,0.000000,0.000000,0.000000,0.000000,0.000000,0.000000,0.000000,0.000000,0.000000,0.000000,0.000000,0.000000,0.000000,0.000000,0.000000,0.000000,0.000000,0.000000,0.000000,0.000000,0.000000,0.000000,0.000000,254.071846
0.630000,-0.230000,1.180000,0.570000,-0.260000,1.160000,0.093524,-8.584479,34.337916,-84.687607,-3.435758,14.338354,-61.147912,-13.995769,19.782434,-2.844215,0.000000,0.000000,0.000000,0.000000,0.000000,0.000000,0.000000,0.000000,0.000000,0.000000,0.000000,0.000000,0.000000,0.000000,0.000000,0.000000,0.000000,0.000000,0.000000,0.000000,0.000000,0.000000,0.000000,0.000000,0.000000,252.575710
0.630000,-0.230000,1.190000,0.570000,-0.260000,1.170000,0.093429,-8.405421,33.621684,-85.166147,-3.545713,14.074524,-60.800766,-14.075828,20.659087,-2.720292,0.000000,0.000000,0.000000,0.000000,0.000000,0.000000,0.000000,0.000000,0.000000,0.000000,0.000000,0.000000,0.000000,0.000000,0.000000,0.000000,0.000000,0.000000,0.000000,0.000000,0.000000,0.000000,0.000000,0.000000,0.000000,251.143239
0.630000,-0.230000,1.200000,0.570000,-0.260000,1.180000,0.093309,-8.232906,32.931622,-85.692620,-3.642399,13.811054,-60.421618,-14.135808,21.529564,-2.590222,0.000000,0.000000,0.000000,0.000000,0.000000,0.000000,0.000000,0.000000,0.000000,0.000000,0.000000,0.000000,0.000000,0.000000,0.000000,0.000000,0.000000,0.000000,0.000000,0.000000,0.000000,0.000000,0.000000,0.000000,0.000000,249.676951
0.630000,-0.230000,1.210000,0.570000,-0.260000,1.190000,0.093163,-8.067105,32.268420,-86.267424,-3.725787,13.548124,-60.010399,-14.175526,22.393184,-2.453983,0.000000,0.000000,0.000000,0.000000,0.000000,0.000000,0.000000,0.000000,0.000000,0.000000,0.000000,0.000000,0.000000,0.000000,0.000000,0.000000,0.000000,0.000000,0.000000,0.000000,0.000000,0.000000,0.000000,0.000000,0.000000,248.326522
0.630000,-0.230000,1.220000,0.570000,-0.260000,1.200000,0.092990,-7.908351,31.633405,-86.890415,-3.791089,13.276150,-59.568065,-14.190335,23.232667,-2.344652,0.000000,0.000000,0.000000,0.000000,0.000000,0.000000,0.000000,0.000000,0.000000,0.000000,0.000000,0.000000,0.000000,0.000000,0.000000,0.000000,0.000000,0.000000,0.000000,0.000000,0.000000,0.000000,0.000000,0.000000,0.000000,247.024920
0.620000,-0.210000,1.230000,0.560000,-0.240000,1.210000,0.092806,-7.262154,29.048618,-84.174594,-2.388642,13.682124,-60.677238,-13.778481,24.232680,-4.475185,0.000000,0.000000,0.000000,0.000000,0.000000,0.000000,0.000000,0.000000,0.000000,0.000000,0.000000,0.000000,0.000000,0.000000,0.000000,0.000000,0.000000,0.000000,0.000000,0.000000,0.000000,0.000000,0.000000,0.000000,0.000000,245.671430
0.620000,-0.210000,1.240000,0.560000,-0.240000,1.220000,0.092643,-7.112179,28.448716,-84.888849,-2.430042,13.399773,-60.181589,-13.790960,25.092709,-4.329753,0.000000,0.000000,0.000000,0.000000,0.000000,0.000000,0.000000,0.000000,0.000000,0.000000,0.000000,0.000000,0.000000,0.000000,0.000000,0.000000,0.000000,0.000000,0.000000,0.000000,0.000000,0.000000,0.000000,0.000000,0.000000,244.385241
0.620000,-0.210000,1.250000,0.560000,-0.240000,1.230000,0.092445,-6.969459,27.877836,-85.652792,-2.462826,13.127189,-59.652354,-13.786727,25.958838,-4.151280,0.000000,0.000000,0.000000,0.000000,0.000000,0.000000,0.000000,0.000000,0.000000,0.000000,0.000000,0.000000,0.000000,0.000000,0.000000,0.000000,0.000000,0.000000,0.000000,0.000000,0.000000,0.000000,0.000000,0.000000,0.000000,243.474883
0.620000,-0.210000,1.260000,0.560000,-0.240000,1.240000,0.092213,-6.834628,27.338511,-86.466242,-2.478580,12.847700,-59.092678,-13.759015,26.798491,-3.994588,0.000000,0.000000,0.000000,0.000000,0.000000,0.000000,0.000000,0.000000,0.000000,0.000000,0.000000,0.000000,0.000000,0.000000,0.000000,0.000000,0.000000,0.000000,0.000000,0.000000,0.000000,0.000000,0.000000,0.000000,0.000000,242.473569
0.610000,-0.200000,1.270000,0.550000,-0.230000,1.250000,0.091959,-6.279031,25.116125,-84.396436,-2.153800,12.942088,-60.120524,-13.821649,27.961831,-5.117365,0.000000,0.000000,0.000000,0.000000,0.000000,0.000000,0.000000,0.000000,0.000000,0.000000,0.000000,0.000000,0.000000,0.000000,0.000000,0.000000,0.000000,0.000000,0.000000,0.000000,0.000000,0.000000,0.000000,0.000000,0.000000,241.527772
0.610000,-0.200000,1.280000,0.550000,-0.230000,1.260000,0.091718,-6.155404,24.621614,-85.303049,-2.143314,12.656627,-59.504475,-13.774433,28.796892,-4.955562,0.000000,0.000000,0.000000,0.000000,0.000000,0.000000,0.000000,0.000000,0.000000,0.000000,0.000000,0.000000,0.000000,0.000000,0.000000,0.000000,0.000000,0.000000,0.000000,0.000000,0.000000,0.000000,0.000000,0.000000,0.000000,240.726239
0.610000,-0.200000,1.290000,0.550000,-0.230000,1.270000,0.091436,-6.040006,24.160023,-86.260402,-2.120454,12.373206,-58.856523,-13.708335,29.619582,-4.788897,0.000000,0.000000,0.000000,0.000000,0.000000,0.000000,0.000000,0.000000,0.000000,0.000000,0.000000,0.000000,0.000000,0.000000,0.000000,0.000000,0.000000,0.000000,0.000000,0.000000,0.000000,0.000000,0.000000,0.000000,0.000000,240.081947
0.600000,-0.190000,1.300000,0.540000,-0.220000,1.280000,0.091166,-5.494251,21.977005,-84.407048,-1.640734,12.304486,-59.661234,-13.567180,30.784160,-5.813741,0.000000,0.000000,0.000000,0.000000,0.000000,0.000000,0.000000,0.000000,0.000000,0.000000,0.000000,0.000000,0.000000,0.000000,0.000000,0.000000,0.000000,0.000000,0.000000,0.000000,0.000000,0.000000,0.000000,0.000000,0.000000,239.692690
0.600000,-0.190000,1.310000,0.540000,-0.220000,1.290000,0.090870,-5.391091,21.564364,-85.458386,-1.591000,12.010105,-58.953768,-13.474099,31.594968,-5.639251,0.000000,0.000000,0.000000,0.000000,0.000000,0.000000,0.000000,0.000000,0.000000,0.000000,0.000000,0.000000,0.000000,0.000000,0.000000,0.000000,0.000000,0.000000,0.000000,0.000000,0.000000,0.000000,0.000000,0.000000,0.000000,239.186680
0.590000,-0.180000,1.320000,0.530000,-0.210000,1.300000,0.090501,-4.865390,19.461558,-83.816628,-1.069808,12.010140,-59.671604,-13.419581,32.791765,-6.739493,0.000000,0.000000,0.000000,0.000000,0.000000,0.000000,0.000000,0.000000,0.000000,0.000000,0.000000,0.000000,0.000000,0.000000,0.000000,0.000000,0.000000,0.000000,0.000000,0.000000,0.000000,0.000000,0.000000,0.000000,0.000000,238.851994
0.590000,-0.180000,1.330000,0.530000,-0.210000,1.310000,0.090183,-4.775817,19.103268,-84.963809,-0.996198,11.710595,-58.907688,-13.309629,33.588222,-6.562887,0.000000,0.000000,0.000000,0.000000,0.000000,0.000000,0.000000,0.000000,0.000000,0.000000,0.000000,0.000000,0.000000,0.000000,0.000000,0.000000,0.000000,0.000000,0.000000,0.000000,0.000000,0.000000,0.000000,0.000000,0.000000,238.539527
0.590000,-0.180000,1.340000,0.530000,-0.210000,1.320000,0.089810,-4.695470,18.781882,-86.163388,-0.911565,11.414176,-58.112523,-13.184066,34.369161,-6.383297,0.000000,0.000000,0.000000,0.000000,0.000000,0.000000,0.000000,0.000000,0.000000,0.000000,0.000000,0.000000,0.000000,0.000000,0.000000,0.000000,0.000000,0.000000,0.000000,0.000000,0.000000,0.000000,0.000000,0.000000,0.000000,238.215432
0.580000,-0.170000,1.350000,0.520000,-0.200000,1.330000,0.089453,-4.183240,16.732958,-84.737736,-0.240470,11.245217,-58.601850,-12.916443,35.540507,-7.384001,0.000000,0.000000,0.000000,0.000000,0.000000,0.000000,0.000000,0.000000,0.000000,0.000000,0.000000,0.000000,0.000000,0.000000,0.000000,0.000000,0.000000,0.000000,0.000000,0.000000,0.000000,0.000000,0.000000,0.000000,0.000000,237.920709
0.580000,-0.170000,1.360000,0.520000,-0.200000,1.340000,0.089013,-4.124434,16.497736,-86.052044,-0.174096,11.038502,-57.808780,-12.927797,36.313577,-7.331201,0.000000,0.000000,0.000000,0.000000,0.000000,0.000000,0.000000,0.000000,0.000000,0.000000,0.000000,0.000000,0.000000,0.000000,0.000000,0.000000,0.000000,0.000000,0.000000,0.000000,0.000000,0.000000,0.000000,0.000000,0.000000,239.651378
0.570000,-0.160000,1.370000,0.510000,-0.190000,1.350000,0.088606,-3.629758,14.519031,-84.819185,0.579708,10.828304,-58.160696,-12.615030,37.479707,-8.333473,0.000000,0.000000,0.000000,0.000000,0.000000,0.000000,0.000000,0.000000,0.000000,0.000000,0.000000,0.000000,0.000000,0.000000,0.000000,0.000000,0.000000,0.000000,0.000000,0.000000,0.000000,0.000000,0.000000,0.000000,0.000000,240.710167
0.570000,-0.160000,1.380000,0.510000,-0.190000,1.360000,0.088150,-3.580197,14.320789,-86.215361,0.708727,10.514231,-57.250385,-12.460934,38.213016,-8.161645,0.000000,0.000000,0.000000,0.000000,0.000000,0.000000,0.000000,0.000000,0.000000,0.000000,0.000000,0.000000,0.000000,0.000000,0.000000,0.000000,0.000000,0.000000,0.000000,0.000000,0.000000,0.000000,0.000000,0.000000,0.000000,240.876207
0.560000,-0.160000,1.390000,0.500000,-0.190000,1.370000,0.087703,-3.138333,12.553333,-85.222267,0.184634,10.189987,-57.828314,-12.564755,39.567909,-8.157997,0.000000,0.000000,0.000000,0.000000,0.000000,0.000000,0.000000,0.000000,0.000000,0.000000,0.000000,0.000000,0.000000,0.000000,0.000000,0.000000,0.000000,0.000000,0.000000,0.000000,0.000000,0.000000,0.000000,0.000000,0.000000,240.819049
0.560000,-0.160000,1.400000,0.500000,-0.190000,1.380000,0.087190,-3.105235,12.420940,-86.717688,0.333171,9.887234,-56.857653,-12.382306,40.275645,-7.978640,0.000000,0.000000,0.000000,0.000000,0.000000,0.000000,0.000000,0.000000,0.000000,0.000000,0.000000,0.000000,0.000000,0.000000,0.000000,0.000000,0.000000,0.000000,0.000000,0.000000,0.000000,0.000000,0.000000,0.000000,0.000000,241.253954
0.550000,-0.150000,1.410000,0.490000,-0.180000,1.390000,0.086669,-2.649774,10.599094,-85.842757,1.179889,9.708061,-57.035749,-12.148161,41.454204,-9.077590,0.000000,0.000000,0.000000,0.000000,0.000000,0.000000,0.000000,0.000000,0.000000,0.000000,0.000000,0.000000,0.000000,0.000000,0.000000,0.000000,0.000000,0.000000,0.000000,0.000000,0.000000,0.000000,0.000000,0.000000,0.000000,241.968471
0.540000,-0.140000,1.420000,0.480000,-0.170000,1.400000,0.086134,-2.200371,8.801485,-85.096798,2.136390,9.384242,-57.029486,-11.714804,42.581903,-10.081887,0.000000,0.000000,0.000000,0.000000,0.000000,0.000000,0.000000,0.000000,0.000000,0.000000,0.000000,0.000000,0.000000,0.000000,0.000000,0.000000,0.000000,0.000000,0.000000,0.000000,0.000000,0.000000,0.000000,0.000000,0.000000,243.237850
0.540000,-0.140000,1.430000,0.480000,-0.170000,1.410000,0.085546,-2.193147,8.772590,-86.742864,2.307199,9.066173,-55.977213,-11.538442,43.246829,-9.915652,0.000000,0.000000,0.000000,0.000000,0.000000,0.000000,0.000000,0.000000,0.000000,0.000000,0.000000,0.000000,0.000000,0.000000,0.000000,0.000000,0.000000,0.000000,0.000000,0.000000,0.000000,0.000000,0.000000,0.000000,0.000000,243.698908
0.530000,-0.140000,1.440000,0.470000,-0.170000,1.420000,0.084939,-1.794871,7.179485,-86.161028,1.898637,8.799893,-56.354766,-11.655150,44.633752,-9.995190,0.000000,0.000000,0.000000,0.000000,0.000000,0.000000,0.000000,0.000000,0.000000,0.000000,0.000000,0.000000,0.000000,0.000000,0.000000,0.000000,0.000000,0.000000,0.000000,0.000000,0.000000,0.000000,0.000000,0.000000,0.000000,243.751991
0.520000,-0.130000,1.450000,0.460000,-0.160000,1.430000,0.084309,-1.377226,5.508903,-85.713930,2.955071,8.437224,-56.144868,-11.173285,45.737696,-10.969868,0.000000,0.000000,0.000000,0.000000,0.000000,0.000000,0.000000,0.000000,0.000000,0.000000,0.000000,0.000000,0.000000,0.000000,0.000000,0.000000,0.000000,0.000000,0.000000,0.000000,0.000000,0.000000,0.000000,0.000000,0.000000,241.599432
0.510000,-0.130000,1.460000,0.450000,-0.160000,1.440000,0.083661,-0.987401,3.949603,-85.318649,2.668010,8.036321,-56.300896,-11.057604,47.082501,-10.948591,0.000000,0.000000,0.000000,0.000000,0.000000,0.000000,0.000000,0.000000,0.000000,0.000000,0.000000,0.000000,0.000000,0.000000,0.000000,0.000000,0.000000,0.000000,0.000000,0.000000,0.000000,0.000000,0.000000,0.000000,0.000000,238.379597
0.510000,-0.130000,1.470000,0.450000,-0.160000,1.450000,0.082966,-1.016638,4.066553,-87.163537,2.861846,7.734318,-55.139391,-10.873147,47.684245,-10.789013,0.000000,0.000000,0.000000,0.000000,0.000000,0.000000,0.000000,0.000000,0.000000,0.000000,0.000000,0.000000,0.000000,0.000000,0.000000,0.000000,0.000000,0.000000,0.000000,0.000000,0.000000,0.000000,0.000000,0.000000,0.000000,234.654248
0.500000,-0.120000,1.480000,0.440000,-0.150000,1.460000,0.082255,-0.632049,2.528196,-87.013538,4.027071,7.276040,-54.703804,-10.363878,48.707308,-11.850454,0.000000,0.000000,0.000000,0.000000,0.000000,0.000000,0.000000,0.000000,0.000000,0.000000,0.000000,0.000000,0.000000,0.000000,0.000000,0.000000,0.000000,0.000000,0.000000,0.000000,0.000000,0.000000,0.000000,0.000000,0.000000,230.720940
0.490000,-0.120000,1.490000,0.430000,-0.150000,1.470000,0.081465,-0.280828,1.123312,-86.883372,3.790879,6.944039,-54.787622,-10.341706,50.075284,-11.945016,0.000000,0.000000,0.000000,0.000000,0.000000,0.000000,0.000000,0.000000,0.000000,0.000000,0.000000,0.000000,0.000000,0.000000,0.000000,0.000000,0.000000,0.000000,0.000000,0.000000,0.000000,0.000000,0.000000,0.000000,0.000000,226.310685
0.480000,-0.120000,1.500000,0.420000,-0.150000,1.480000,0.080670,0.070242,-0.280969,-86.839688,3.614652,6.522765,-54.706749,-10.132300,51.384408,-11.923127,0.000000,0.000000,0.000000,0.000000,0.000000,0.000000,0.000000,0.000000,0.000000,0.000000,0.000000,0.000000,0.000000,0.000000,0.000000,0.000000,0.000000,0.000000,0.000000,0.000000,0.000000,0.000000,0.000000,0.000000,0.000000,221.381134
0.470000,-0.110000,1.510000,0.410000,-0.140000,1.490000,0.079849,0.415875,-1.663498,-87.042994,4.902742,5.980025,-54.015445,-9.596047,52.335072,-13.051315,0.000000,0.000000,0.000000,0.000000,0.000000,0.000000,0.000000,0.000000,0.000000,0.000000,0.000000,0.000000,0.000000,0.000000,0.000000,0.000000,0.000000,0.000000,0.000000,0.000000,0.000000,0.000000,0.000000,0.000000,0.000000,215.365512
0.460000,-0.110000,1.520000,0.400000,-0.140000,1.500000,0.078978,0.745212,-2.980850,-87.202926,4.789352,5.537181,-53.790069,-9.350048,53.613197,-13.044673,0.000000,0.000000,0.000000,0.000000,0.000000,0.000000,0.000000,0.000000,0.000000,0.000000,0.000000,0.000000,0.000000,0.000000,0.000000,0.000000,0.000000,0.000000,0.000000,0.000000,0.000000,0.000000,0.000000,0.000000,0.000000,209.627907
0.450000,-0.100000,1.530000,0.390000,-0.130000,1.510000,0.078056,1.059236,-4.236943,-87.661856,6.145390,4.932346,-52.912088,-8.832883,54.487909,-14.231909,0.000000,0.000000,0.000000,0.000000,0.000000,0.000000,0.000000,0.000000,0.000000,0.000000,0.000000,0.000000,0.000000,0.000000,0.000000,0.000000,0.000000,0.000000,0.000000,0.000000,0.000000,0.000000,0.000000,0.000000,0.000000,204.261502
0.440000,-0.110000,1.540000,0.380000,-0.140000,1.520000,0.077070,1.367542,-5.470167,-87.827655,4.645358,4.643207,-53.137881,-8.797721,56.125899,-13.049711,0.000000,0.000000,0.000000,0.000000,0.000000,0.000000,0.000000,0.000000,0.000000,0.000000,0.000000,0.000000,0.000000,0.000000,0.000000,0.000000,0.000000,0.000000,0.000000,0.000000,0.000000,0.000000,0.000000,0.000000,0.000000,199.264092
0.440000,-0.100000,1.550000,0.380000,-0.130000,1.530000,0.076045,1.247709,-4.990836,-90.290752,6.300333,4.144821,-51.199894,-8.468430,56.178357,-14.188766,0.000000,0.000000,0.000000,0.000000,0.000000,0.000000,0.000000,0.000000,0.000000,0.000000,0.000000,0.000000,0.000000,0.000000,0.000000,0.000000,0.000000,0.000000,0.000000,0.000000,0.000000,0.000000,0.000000,0.000000,0.000000,194.169580
0.430000,-0.100000,1.560000,0.370000,-0.130000,1.540000,0.074975,1.527095,-6.108382,-90.809948,6.269849,3.679956,-50.756052,-8.195133,57.387115,-14.225899,0.000000,0.000000,0.000000,0.000000,0.000000,0.000000,0.000000,0.000000,0.000000,0.000000,0.000000,0.000000,0.000000,0.000000,0.000000,0.000000,0.000000,0.000000,0.000000,0.000000,0.000000,0.000000,0.000000,0.000000,0.000000,189.599567
0.420000,-0.100000,1.570000,0.360000,-0.130000,1.550000,0.073825,1.791351,-7.165404,-91.433410,6.237702,3.276011,-50.259983,-7.918311,58.591947,-14.186918,0.000000,0.000000,0.000000,0.000000,0.000000,0.000000,0.000000,0.000000,0.000000,0.000000,0.000000,0.000000,0.000000,0.000000,0.000000,0.000000,0.000000,0.000000,0.000000,0.000000,0.000000,0.000000,0.000000,0.000000,0.000000,184.061660
0.410000,-0.100000,1.580000,0.350000,-0.130000,1.560000,0.072614,2.041680,-8.166718,-92.159592,6.250508,2.810809,-49.696509,-7.629358,59.767957,-14.243064,0.000000,0.000000,0.000000,0.000000,0.000000,0.000000,0.000000,0.000000,0.000000,0.000000,0.000000,0.000000,0.000000,0.000000,0.000000,0.000000,0.000000,0.000000,0.000000,0.000000,0.000000,0.000000,0.000000,0.000000,0.000000,177.981485
0.400000,-0.090000,1.590000,0.340000,-0.120000,1.570000,0.071332,2.261271,-9.045085,-93.265641,7.740387,2.003527,-48.435730,-7.232495,60.465219,-15.661167,0.000000,0.000000,0.000000,0.000000,0.000000,0.000000,0.000000,0.000000,0.000000,0.000000,0.000000,0.000000,0.000000,0.000000,0.000000,0.000000,0.000000,0.000000,0.000000,0.000000,0.000000,0.000000,0.000000,0.000000,0.000000,171.653434
0.390000,-0.090000,1.600000,0.330000,-0.120000,1.580000,0.069978,2.478965,-9.915861,-94.207264,7.798246,1.493545,-47.760622,-6.956467,61.601891,-15.772139,0.000000,0.000000,0.000000,0.000000,0.000000,0.000000,0.000000,0.000000,0.000000,0.000000,0.000000,0.000000,0.000000,0.000000,0.000000,0.000000,0.000000,0.000000,0.000000,0.000000,0.000000,0.000000,0.000000,0.000000,0.000000,164.256587
